Workbook

Sheet Read Me
B2: BACKLOG BOSS
B3: Beat your pile of shame. Your whole game library, owned by you.
B6: HOW IT WORKS
B7: 1. Go to the 'Game Library' tab. Add one row per game — fill the BLUE cells.
B8: 2. Pick Platform, Genre, Status and Ownership from the dropdowns. Add hours, price paid and a rating as you go.
B9: 3. The grey cells fill themselves (Cost/Hour). The 'Dashboard' tab updates live — counts, totals, best-value ranking.
B10: 4. Can't decide what to play? The Dashboard's 'What To Play Next' picks a random game from your backlog.
B12: WHAT THE DASHBOARD SHOWS YOU
B13: • Your collection at a glance — total games, hours, money spent, average rating, completion %.
B14: • A live count of every status, plus your Pile of Shame (games sitting in the backlog).
B15: • Best Value leaderboard — the games that gave you the most play per dollar, ranked automatically.
B16: • What To Play Next — a random backlog pick to kill decision paralysis.
... B25: BLUE cell = you type/pick here GREY cell = calculated for you, don't edit

Sheet Lists
A1: Platforms | B1: Genres | C1: Statuses | D1: Ownership
A2: PC | B2: Action | C2: Backlog | D2: Physical
A3: PlayStation 5 | B3: Adventure | C3: Playing | D3: Digital
A4: PlayStation 4 | B4: RPG | C4: Beaten | D4: Subscription
A5: Xbox Series | B5: JRPG | C5: Completed
A6: Xbox One | B6: Shooter | C6: Dropped
A7: Nintendo Switch | B7: Strategy | C7: Wishlist
A8: Steam Deck | B8: Simulation
A9: Mobile | B9: Sports
A10: Retro | B10: Racing
A11: Other | B11: Puzzle
B12: Platformer
B13: Metroidvania
B14: Roguelike
B15: Horror
B16: Fighting
B17: MMO
B18: Indie
B19: Other

Sheet Game Library
A1: Title | B1: Platform | C1: Genre | D1: Status | E1: Ownership | F1: Rating /10 | G1: Hours Played | H1: Price Paid | I1: Cost / Hour | J1: Date Beaten | K1: Notes / Review | L1: (auto) | M1: (auto)
A2: Elden Ring | B2: PC | C2: Roguelike | D2: Beaten | E2: Digital | F2: 10 | G2: 95 | H2: 59.99 | I2: =IF(AND(ISNUMBER($G2),ISNUMBER($H2),$G2>0),ROUND($H2/$G2,2),"") | J2: 46063 | K2: Masterpiece | L2: =IF($D2="Backlog",COUNTIF($D$2:$D2,"Backlog"),"") | M2: =IF(ISNUMBER($I2),$I2+ROW()/100000,"")
A3: Baldur's Gate 3 | B3: PC | C3: RPG | D3: Playing | E3: Digital | F3: 10 | G3: 60 | H3: 59.99 | I3: =IF(AND(ISNUMBER($G3),ISNUMBER($H3),$G3>0),ROUND($H3/$G3,2),"") | K3: Act 2, obsessed | L3: =IF($D3="Backlog",COUNTIF($D$2:$D3,"Backlog"),"") | M3: =IF(ISNUMBER($I3),$I3+ROW()/100000,"")
A4: Hades | B4: PC | C4: Roguelike | D4: Completed | E4: Digital | F4: 9 | G4: 40 | H4: 24.99 | I4: =IF(AND(ISNUMBER($G4),ISNUMBER($H4),$G4>0),ROUND($H4/$G4,2),"") | J4: 45992 | K4: One more run... | L4: =IF($D4="Backlog",COUNTIF($D$2:$D4,"Backlog"),"") | M4: =IF(ISNUMBER($I4),$I4+ROW()/100000,"")
A5: Cyberpunk 2077 | B5: PC | C5: RPG | D5: Beaten | E5: Digital | F5: 8 | G5: 55 | H5: 29.99 | I5: =IF(AND(ISNUMBER($G5),ISNUMBER($H5),$G5>0),ROUND($H5/$G5,2),"") | J5: 46037 | K5: Great after patches | L5: =IF($D5="Backlog",COUNTIF($D$2:$D5,"Backlog"),"") | M5: =IF(ISNUMBER($I5),$I5+ROW()/100000,"")
A6: Stardew Valley | B6: Nintendo Switch | C6: Simulation | D6: Playing | E6: Digital | F6: 9 | G6: 120 | H6: 13.99 | I6: =IF(AND(ISNUMBER($G6),ISNUMBER($H6),$G6>0),ROUND($H6/$G6,2),"") | K6: Cozy forever | L6: =IF($D6="Backlog",COUNTIF($D$2:$D6,"Backlog"),"") | M6: =IF(ISNUMBER($I6),$I6+ROW()/100000,"")
A7: God of War Ragnarok | B7: PlayStation 5 | C7: Action | D7: Backlog | E7: Physical | H7: 49.99 | I7: =IF(AND(ISNUMBER($G7),ISNUMBER($H7),$G7>0),ROUND($H7/$G7,2),"") | L7: =IF($D7="Backlog",COUNTIF($D$2:$D7,"Backlog"),"") | M7: =IF(ISNUMBER($I7),$I7+ROW()/100000,"")
A8: Zelda: Tears of the Kingdom | B8: Nintendo Switch | C8: Adventure | D8: Backlog | E8: Physical | H8: 69.99 | I8: =IF(AND(ISNUMBER($G8),ISNUMBER($H8),$G8>0),ROUND($H8/$G8,2),"") | L8: =IF($D8="Backlog",COUNTIF($D$2:$D8,"Backlog"),"") | M8: =IF(ISNUMBER($I8),$I8+ROW()/100000,"")
A9: Red Dead Redemption 2 | B9: PC | C9: Action | D9: Backlog | E9: Digital | H9: 39.99 | I9: =IF(AND(ISNUMBER($G9),ISNUMBER($H9),$G9>0),ROUND($H9/$G9,2),"") | L9: =IF($D9="Backlog",COUNTIF($D$2:$D9,"Backlog"),"") | M9: =IF(ISNUMBER($I9),$I9+ROW()/100000,"")
A10: Celeste | B10: PC | C10: Platformer | D10: Beaten | E10: Digital | F10: 9 | G10: 12 | H10: 19.99 | I10: =IF(AND(ISNUMBER($G10),ISNUMBER($H10),$G10>0),ROUND($H10/$G10,2),"") | J10: 45981 | K10: Hard but fair | L10: =IF($D10="Backlog",COUNTIF($D$2:$D10,"Backlog"),"") | M10: =IF(ISNUMBER($I10),$I10+ROW()/100000,"")
A11: Hollow Knight | B11: PC | C11: Metroidvania | D11: Backlog | E11: Digital | H11: 14.99 | I11: =IF(AND(ISNUMBER($G11),ISNUMBER($H11),$G11>0),ROUND($H11/$G11,2),"") | L11: =IF($D11="Backlog",COUNTIF($D$2:$D11,"Backlog"),"") | M11: =IF(ISNUMBER($I11),$I11+ROW()/100000,"")
A12: Starfield | B12: PC | C12: RPG | D12: Dropped | E12: Digital | F12: 6 | G12: 25 | H12: 69.99 | I12: =IF(AND(ISNUMBER($G12),ISNUMBER($H12),$G12>0),ROUND($H12/$G12,2),"") | K12: Lost interest | L12: =IF($D12="Backlog",COUNTIF($D$2:$D12,"Backlog"),"") | M12: =IF(ISNUMBER($I12),$I12+ROW()/100000,"")
A13: Hollow Knight: Silksong | B13: PC | C13: Metroidvania | D13: Wishlist | I13: =IF(AND(ISNUMBER($G13),ISNUMBER($H13),$G13>0),ROUND($H13/$G13,2),"") | K13: Someday... | L13: =IF($D13="Backlog",COUNTIF($D$2:$D13,"Backlog"),"") | M13: =IF(ISNUMBER($I13),$I13+ROW()/100000,"")
A14: Persona 5 Royal | B14: PlayStation 5 | C14: JRPG | D14: Backlog | E14: Physical | H14: 59.99 | I14: =IF(AND(ISNUMBER($G14),ISNUMBER($H14),$G14>0),ROUND($H14/$G14,2),"") | L14: =IF($D14="Backlog",COUNTIF($D$2:$D14,"Backlog"),"") | M14: =IF(ISNUMBER($I14),$I14+ROW()/100000,"")
I15: =IF(AND(ISNUMBER($G15),ISNUMBER($H15),$G15>0),ROUND($H15/$G15,2),"") | L15: =IF($D15="Backlog",COUNTIF($D$2:$D15,"Backlog"),"") | M15: =IF(ISNUMBER($I15),$I15+ROW()/100000,"")
I16: =IF(AND(ISNUMBER($G16),ISNUMBER($H16),$G16>0),ROUND($H16/$G16,2),"") | L16: =IF($D16="Backlog",COUNTIF($D$2:$D16,"Backlog"),"") | M16: =IF(ISNUMBER($I16),$I16+ROW()/100000,"")
I17: =IF(AND(ISNUMBER($G17),ISNUMBER($H17),$G17>0),ROUND($H17/$G17,2),"") | L17: =IF($D17="Backlog",COUNTIF($D$2:$D17,"Backlog"),"") | M17: =IF(ISNUMBER($I17),$I17+ROW()/100000,"")
I18: =IF(AND(ISNUMBER($G18),ISNUMBER($H18),$G18>0),ROUND($H18/$G18,2),"") | L18: =IF($D18="Backlog",COUNTIF($D$2:$D18,"Backlog"),"") | M18: =IF(ISNUMBER($I18),$I18+ROW()/100000,"")
I19: =IF(AND(ISNUMBER($G19),ISNUMBER($H19),$G19>0),ROUND($H19/$G19,2),"") | L19: =IF($D19="Backlog",COUNTIF($D$2:$D19,"Backlog"),"") | M19: =IF(ISNUMBER($I19),$I19+ROW()/100000,"")
I20: =IF(AND(ISNUMBER($G20),ISNUMBER($H20),$G20>0),ROUND($H20/$G20,2),"") | L20: =IF($D20="Backlog",COUNTIF($D$2:$D20,"Backlog"),"") | M20: =IF(ISNUMBER($I20),$I20+ROW()/100000,"")
I21: =IF(AND(ISNUMBER($G21),ISNUMBER($H21),$G21>0),ROUND($H21/$G21,2),"") | L21: =IF($D21="Backlog",COUNTIF($D$2:$D21,"Backlog"),"") | M21: =IF(ISNUMBER($I21),$I21+ROW()/100000,"")
I22: =IF(AND(ISNUMBER($G22),ISNUMBER($H22),$G22>0),ROUND($H22/$G22,2),"") | L22: =IF($D22="Backlog",COUNTIF($D$2:$D22,"Backlog"),"") | M22: =IF(ISNUMBER($I22),$I22+ROW()/100000,"")
I23: =IF(AND(ISNUMBER($G23),ISNUMBER($H23),$G23>0),ROUND($H23/$G23,2),"") | L23: =IF($D23="Backlog",COUNTIF($D$2:$D23,"Backlog"),"") | M23: =IF(ISNUMBER($I23),$I23+ROW()/100000,"")
I24: =IF(AND(ISNUMBER($G24),ISNUMBER($H24),$G24>0),ROUND($H24/$G24,2),"") | L24: =IF($D24="Backlog",COUNTIF($D$2:$D24,"Backlog"),"") | M24: =IF(ISNUMBER($I24),$I24+ROW()/100000,"")
I25: =IF(AND(ISNUMBER($G25),ISNUMBER($H25),$G25>0),ROUND($H25/$G25,2),"") | L25: =IF($D25="Backlog",COUNTIF($D$2:$D25,"Backlog"),"") | M25: =IF(ISNUMBER($I25),$I25+ROW()/100000,"")
I26: =IF(AND(ISNUMBER($G26),ISNUMBER($H26),$G26>0),ROUND($H26/$G26,2),"") | L26: =IF($D26="Backlog",COUNTIF($D$2:$D26,"Backlog"),"") | M26: =IF(ISNUMBER($I26),$I26+ROW()/100000,"")
... I121: =IF(AND(ISNUMBER($G121),ISNUMBER($H121),$G121>0),ROUND($H121/$G121,2),"") | L121: =IF($D121="Backlog",COUNTIF($D$2:$D121,"Backlog"),"") | M121: =IF(ISNUMBER($I121),$I121+ROW()/100000,"")

Sheet Dashboard
B2: BACKLOG BOSS — DASHBOARD
B3: Live stats from your library. Nothing to fill in here.
B5: Total games | D5: Hours played | F5: Total spent
B6: =COUNTA('Game Library'!$A$2:$A$121) | D6: =SUM('Game Library'!$G$2:$G$121) | F6: =SUM('Game Library'!$H$2:$H$121)
B8: Avg rating /10 | D8: Completion % | F8: Pile of Shame
B9: =IFERROR(ROUND(AVERAGEIF('Game Library'!$F$2:$F$121,">0"),1),"-") | D9: =IFERROR((COUNTIF('Game Library'!$D$2:$D$121,"Beaten")+COUNTIF('Game Library'!$D$2:$D$121,"Completed"))/(COUNTA('Game Library'!$A$2:$A$121)-COUNTIF('Game Library'!$D$2:$D$121,"Wishlist")),0) | F9: =COUNTIF('Game Library'!$D$2:$D$121,"Backlog")
B11: LIBRARY BY STATUS | E11: WHAT TO PLAY NEXT
B12: Status | C12: Count | E12: =IFERROR(INDEX('Game Library'!$A$2:$A$121,MATCH(RANDBETWEEN(1,COUNTIF('Game Library'!$D$2:$D$121,"Backlog")),'Game Library'!$L$2:$L$121,0)),"— add backlog games —")
B13: Backlog | C13: =COUNTIF('Game Library'!$D$2:$D$121,"Backlog")
B14: Playing | C14: =COUNTIF('Game Library'!$D$2:$D$121,"Playing") | E14: (click an empty cell + Enter to reroll)
B15: Beaten | C15: =COUNTIF('Game Library'!$D$2:$D$121,"Beaten")
B16: Completed | C16: =COUNTIF('Game Library'!$D$2:$D$121,"Completed") | E16: BEST VALUE (lowest cost / hour)
B17: Dropped | C17: =COUNTIF('Game Library'!$D$2:$D$121,"Dropped") | E17: # | F17: Game | G17: Cost/Hr
B18: Wishlist | C18: =COUNTIF('Game Library'!$D$2:$D$121,"Wishlist") | E18: 1 | F18: =IFERROR(INDEX('Game Library'!$A$2:$A$121,MATCH(SMALL('Game Library'!$M$2:$M$121,1),'Game Library'!$M$2:$M$121,0)),"—") | G18: =IFERROR(INDEX('Game Library'!$I$2:$I$121,MATCH(SMALL('Game Library'!$M$2:$M$121,1),'Game Library'!$M$2:$M$121,0)),"")
E19: 2 | F19: =IFERROR(INDEX('Game Library'!$A$2:$A$121,MATCH(SMALL('Game Library'!$M$2:$M$121,2),'Game Library'!$M$2:$M$121,0)),"—") | G19: =IFERROR(INDEX('Game Library'!$I$2:$I$121,MATCH(SMALL('Game Library'!$M$2:$M$121,2),'Game Library'!$M$2:$M$121,0)),"")
E20: 3 | F20: =IFERROR(INDEX('Game Library'!$A$2:$A$121,MATCH(SMALL('Game Library'!$M$2:$M$121,3),'Game Library'!$M$2:$M$121,0)),"—") | G20: =IFERROR(INDEX('Game Library'!$I$2:$I$121,MATCH(SMALL('Game Library'!$M$2:$M$121,3),'Game Library'!$M$2:$M$121,0)),"")
E21: 4 | F21: =IFERROR(INDEX('Game Library'!$A$2:$A$121,MATCH(SMALL('Game Library'!$M$2:$M$121,4),'Game Library'!$M$2:$M$121,0)),"—") | G21: =IFERROR(INDEX('Game Library'!$I$2:$I$121,MATCH(SMALL('Game Library'!$M$2:$M$121,4),'Game Library'!$M$2:$M$121,0)),"")
E22: 5 | F22: =IFERROR(INDEX('Game Library'!$A$2:$A$121,MATCH(SMALL('Game Library'!$M$2:$M$121,5),'Game Library'!$M$2:$M$121,0)),"—") | G22: =IFERROR(INDEX('Game Library'!$I$2:$I$121,MATCH(SMALL('Game Library'!$M$2:$M$121,5),'Game Library'!$M$2:$M$121,0)),"")
