Workbook

Sheet Read Me
B2: OVERLOAD
B3: The gym tracker that tells you what to lift next.
B6: HOW IT WORKS
B7: 1. Open the 'Workout Log' tab. Every time you train, add one row per set.
B8: 2. Fill only the BLUE cells: Date, Exercise, Weight, Reps, RPE (optional).
B9: 3. The grey cells fill themselves — Volume, Estimated 1-Rep-Max, and a 🏆 PR flag when you beat your best.
B10: 4. Open the 'Progress' tab to see your best lifts and your suggested next top-set weight for every exercise.
B12: THE THREE NUMBERS IT CALCULATES FOR YOU
B13: • Estimated 1RM — your true strength on a lift, using the Epley formula: weight × (1 + reps/30).
B14: • New PR? — automatically flags the set as a personal record when its estimated 1RM beats every past set of that lift.
B15: • Suggested Next Weight — your heaviest set + one step, so you always know the next target. That is progressive overload.
B17: TIPS
... B23: BLUE cell = you type here GREY cell = calculated for you, don't edit

Sheet Exercises
A1: Exercises (edit freely)
A2: Bench Press
A3: Squat
A4: Deadlift
A5: Overhead Press
A6: Barbell Row
A7: Pull Up
A8: Incline Bench
A9: Romanian Deadlift
A10: Leg Press
A11: Lat Pulldown

Sheet Workout Log
A1: Date | B1: Exercise | C1: Weight (kg) | D1: Reps | E1: RPE | F1: Volume (kg) | G1: Est. 1RM (kg) | H1: New PR?
A2: 46238 | B2: Bench Press | C2: 60 | D2: 8 | E2: 7 | F2: =IF(AND(ISNUMBER($C2),ISNUMBER($D2)),$C2*$D2,"") | G2: =IF(AND(ISNUMBER($C2),ISNUMBER($D2)),ROUND($C2*(1+$D2/30),1),"") | H2: =IF($G2="","",IF(ROUND($C2*(1+$D2/30),1)=ROUND(SUMPRODUCT(MAX(($B$2:$B2=$B2)*N($C$2:$C2)*(1+N($D$2:$D2)/30))),1),"🏆 PR",""))
A3: 46238 | B3: Bench Press | C3: 55 | D3: 10 | E3: 8 | F3: =IF(AND(ISNUMBER($C3),ISNUMBER($D3)),$C3*$D3,"") | G3: =IF(AND(ISNUMBER($C3),ISNUMBER($D3)),ROUND($C3*(1+$D3/30),1),"") | H3: =IF($G3="","",IF(ROUND($C3*(1+$D3/30),1)=ROUND(SUMPRODUCT(MAX(($B$2:$B3=$B3)*N($C$2:$C3)*(1+N($D$2:$D3)/30))),1),"🏆 PR",""))
A4: 46238 | B4: Overhead Press | C4: 40 | D4: 8 | E4: 8 | F4: =IF(AND(ISNUMBER($C4),ISNUMBER($D4)),$C4*$D4,"") | G4: =IF(AND(ISNUMBER($C4),ISNUMBER($D4)),ROUND($C4*(1+$D4/30),1),"") | H4: =IF($G4="","",IF(ROUND($C4*(1+$D4/30),1)=ROUND(SUMPRODUCT(MAX(($B$2:$B4=$B4)*N($C$2:$C4)*(1+N($D$2:$D4)/30))),1),"🏆 PR",""))
A5: 46239 | B5: Squat | C5: 100 | D5: 5 | E5: 7 | F5: =IF(AND(ISNUMBER($C5),ISNUMBER($D5)),$C5*$D5,"") | G5: =IF(AND(ISNUMBER($C5),ISNUMBER($D5)),ROUND($C5*(1+$D5/30),1),"") | H5: =IF($G5="","",IF(ROUND($C5*(1+$D5/30),1)=ROUND(SUMPRODUCT(MAX(($B$2:$B5=$B5)*N($C$2:$C5)*(1+N($D$2:$D5)/30))),1),"🏆 PR",""))
A6: 46239 | B6: Barbell Row | C6: 70 | D6: 8 | E6: 7 | F6: =IF(AND(ISNUMBER($C6),ISNUMBER($D6)),$C6*$D6,"") | G6: =IF(AND(ISNUMBER($C6),ISNUMBER($D6)),ROUND($C6*(1+$D6/30),1),"") | H6: =IF($G6="","",IF(ROUND($C6*(1+$D6/30),1)=ROUND(SUMPRODUCT(MAX(($B$2:$B6=$B6)*N($C$2:$C6)*(1+N($D$2:$D6)/30))),1),"🏆 PR",""))
A7: 46240 | B7: Deadlift | C7: 120 | D7: 5 | E7: 8 | F7: =IF(AND(ISNUMBER($C7),ISNUMBER($D7)),$C7*$D7,"") | G7: =IF(AND(ISNUMBER($C7),ISNUMBER($D7)),ROUND($C7*(1+$D7/30),1),"") | H7: =IF($G7="","",IF(ROUND($C7*(1+$D7/30),1)=ROUND(SUMPRODUCT(MAX(($B$2:$B7=$B7)*N($C$2:$C7)*(1+N($D$2:$D7)/30))),1),"🏆 PR",""))
A8: 46245 | B8: Bench Press | C8: 62.5 | D8: 8 | E8: 8 | F8: =IF(AND(ISNUMBER($C8),ISNUMBER($D8)),$C8*$D8,"") | G8: =IF(AND(ISNUMBER($C8),ISNUMBER($D8)),ROUND($C8*(1+$D8/30),1),"") | H8: =IF($G8="","",IF(ROUND($C8*(1+$D8/30),1)=ROUND(SUMPRODUCT(MAX(($B$2:$B8=$B8)*N($C$2:$C8)*(1+N($D$2:$D8)/30))),1),"🏆 PR",""))
A9: 46245 | B9: Overhead Press | C9: 40 | D9: 7 | E9: 7 | F9: =IF(AND(ISNUMBER($C9),ISNUMBER($D9)),$C9*$D9,"") | G9: =IF(AND(ISNUMBER($C9),ISNUMBER($D9)),ROUND($C9*(1+$D9/30),1),"") | H9: =IF($G9="","",IF(ROUND($C9*(1+$D9/30),1)=ROUND(SUMPRODUCT(MAX(($B$2:$B9=$B9)*N($C$2:$C9)*(1+N($D$2:$D9)/30))),1),"🏆 PR",""))
A10: 46246 | B10: Squat | C10: 90 | D10: 8 | E10: 7 | F10: =IF(AND(ISNUMBER($C10),ISNUMBER($D10)),$C10*$D10,"") | G10: =IF(AND(ISNUMBER($C10),ISNUMBER($D10)),ROUND($C10*(1+$D10/30),1),"") | H10: =IF($G10="","",IF(ROUND($C10*(1+$D10/30),1)=ROUND(SUMPRODUCT(MAX(($B$2:$B10=$B10)*N($C$2:$C10)*(1+N($D$2:$D10)/30))),1),"🏆 PR",""))
A11: 46246 | B11: Squat | C11: 100 | D11: 6 | E11: 8 | F11: =IF(AND(ISNUMBER($C11),ISNUMBER($D11)),$C11*$D11,"") | G11: =IF(AND(ISNUMBER($C11),ISNUMBER($D11)),ROUND($C11*(1+$D11/30),1),"") | H11: =IF($G11="","",IF(ROUND($C11*(1+$D11/30),1)=ROUND(SUMPRODUCT(MAX(($B$2:$B11=$B11)*N($C$2:$C11)*(1+N($D$2:$D11)/30))),1),"🏆 PR",""))
A12: 46246 | B12: Barbell Row | C12: 72.5 | D12: 8 | E12: 8 | F12: =IF(AND(ISNUMBER($C12),ISNUMBER($D12)),$C12*$D12,"") | G12: =IF(AND(ISNUMBER($C12),ISNUMBER($D12)),ROUND($C12*(1+$D12/30),1),"") | H12: =IF($G12="","",IF(ROUND($C12*(1+$D12/30),1)=ROUND(SUMPRODUCT(MAX(($B$2:$B12=$B12)*N($C$2:$C12)*(1+N($D$2:$D12)/30))),1),"🏆 PR",""))
A13: 46247 | B13: Deadlift | C13: 125 | D13: 5 | E13: 8 | F13: =IF(AND(ISNUMBER($C13),ISNUMBER($D13)),$C13*$D13,"") | G13: =IF(AND(ISNUMBER($C13),ISNUMBER($D13)),ROUND($C13*(1+$D13/30),1),"") | H13: =IF($G13="","",IF(ROUND($C13*(1+$D13/30),1)=ROUND(SUMPRODUCT(MAX(($B$2:$B13=$B13)*N($C$2:$C13)*(1+N($D$2:$D13)/30))),1),"🏆 PR",""))
A14: 46248 | B14: Bench Press | C14: 62.5 | D14: 9 | E14: 9 | F14: =IF(AND(ISNUMBER($C14),ISNUMBER($D14)),$C14*$D14,"") | G14: =IF(AND(ISNUMBER($C14),ISNUMBER($D14)),ROUND($C14*(1+$D14/30),1),"") | H14: =IF($G14="","",IF(ROUND($C14*(1+$D14/30),1)=ROUND(SUMPRODUCT(MAX(($B$2:$B14=$B14)*N($C$2:$C14)*(1+N($D$2:$D14)/30))),1),"🏆 PR",""))
F15: =IF(AND(ISNUMBER($C15),ISNUMBER($D15)),$C15*$D15,"") | G15: =IF(AND(ISNUMBER($C15),ISNUMBER($D15)),ROUND($C15*(1+$D15/30),1),"") | H15: =IF($G15="","",IF(ROUND($C15*(1+$D15/30),1)=ROUND(SUMPRODUCT(MAX(($B$2:$B15=$B15)*N($C$2:$C15)*(1+N($D$2:$D15)/30))),1),"🏆 PR",""))
F16: =IF(AND(ISNUMBER($C16),ISNUMBER($D16)),$C16*$D16,"") | G16: =IF(AND(ISNUMBER($C16),ISNUMBER($D16)),ROUND($C16*(1+$D16/30),1),"") | H16: =IF($G16="","",IF(ROUND($C16*(1+$D16/30),1)=ROUND(SUMPRODUCT(MAX(($B$2:$B16=$B16)*N($C$2:$C16)*(1+N($D$2:$D16)/30))),1),"🏆 PR",""))
F17: =IF(AND(ISNUMBER($C17),ISNUMBER($D17)),$C17*$D17,"") | G17: =IF(AND(ISNUMBER($C17),ISNUMBER($D17)),ROUND($C17*(1+$D17/30),1),"") | H17: =IF($G17="","",IF(ROUND($C17*(1+$D17/30),1)=ROUND(SUMPRODUCT(MAX(($B$2:$B17=$B17)*N($C$2:$C17)*(1+N($D$2:$D17)/30))),1),"🏆 PR",""))
F18: =IF(AND(ISNUMBER($C18),ISNUMBER($D18)),$C18*$D18,"") | G18: =IF(AND(ISNUMBER($C18),ISNUMBER($D18)),ROUND($C18*(1+$D18/30),1),"") | H18: =IF($G18="","",IF(ROUND($C18*(1+$D18/30),1)=ROUND(SUMPRODUCT(MAX(($B$2:$B18=$B18)*N($C$2:$C18)*(1+N($D$2:$D18)/30))),1),"🏆 PR",""))
F19: =IF(AND(ISNUMBER($C19),ISNUMBER($D19)),$C19*$D19,"") | G19: =IF(AND(ISNUMBER($C19),ISNUMBER($D19)),ROUND($C19*(1+$D19/30),1),"") | H19: =IF($G19="","",IF(ROUND($C19*(1+$D19/30),1)=ROUND(SUMPRODUCT(MAX(($B$2:$B19=$B19)*N($C$2:$C19)*(1+N($D$2:$D19)/30))),1),"🏆 PR",""))
F20: =IF(AND(ISNUMBER($C20),ISNUMBER($D20)),$C20*$D20,"") | G20: =IF(AND(ISNUMBER($C20),ISNUMBER($D20)),ROUND($C20*(1+$D20/30),1),"") | H20: =IF($G20="","",IF(ROUND($C20*(1+$D20/30),1)=ROUND(SUMPRODUCT(MAX(($B$2:$B20=$B20)*N($C$2:$C20)*(1+N($D$2:$D20)/30))),1),"🏆 PR",""))
F21: =IF(AND(ISNUMBER($C21),ISNUMBER($D21)),$C21*$D21,"") | G21: =IF(AND(ISNUMBER($C21),ISNUMBER($D21)),ROUND($C21*(1+$D21/30),1),"") | H21: =IF($G21="","",IF(ROUND($C21*(1+$D21/30),1)=ROUND(SUMPRODUCT(MAX(($B$2:$B21=$B21)*N($C$2:$C21)*(1+N($D$2:$D21)/30))),1),"🏆 PR",""))
F22: =IF(AND(ISNUMBER($C22),ISNUMBER($D22)),$C22*$D22,"") | G22: =IF(AND(ISNUMBER($C22),ISNUMBER($D22)),ROUND($C22*(1+$D22/30),1),"") | H22: =IF($G22="","",IF(ROUND($C22*(1+$D22/30),1)=ROUND(SUMPRODUCT(MAX(($B$2:$B22=$B22)*N($C$2:$C22)*(1+N($D$2:$D22)/30))),1),"🏆 PR",""))
F23: =IF(AND(ISNUMBER($C23),ISNUMBER($D23)),$C23*$D23,"") | G23: =IF(AND(ISNUMBER($C23),ISNUMBER($D23)),ROUND($C23*(1+$D23/30),1),"") | H23: =IF($G23="","",IF(ROUND($C23*(1+$D23/30),1)=ROUND(SUMPRODUCT(MAX(($B$2:$B23=$B23)*N($C$2:$C23)*(1+N($D$2:$D23)/30))),1),"🏆 PR",""))
F24: =IF(AND(ISNUMBER($C24),ISNUMBER($D24)),$C24*$D24,"") | G24: =IF(AND(ISNUMBER($C24),ISNUMBER($D24)),ROUND($C24*(1+$D24/30),1),"") | H24: =IF($G24="","",IF(ROUND($C24*(1+$D24/30),1)=ROUND(SUMPRODUCT(MAX(($B$2:$B24=$B24)*N($C$2:$C24)*(1+N($D$2:$D24)/30))),1),"🏆 PR",""))
F25: =IF(AND(ISNUMBER($C25),ISNUMBER($D25)),$C25*$D25,"") | G25: =IF(AND(ISNUMBER($C25),ISNUMBER($D25)),ROUND($C25*(1+$D25/30),1),"") | H25: =IF($G25="","",IF(ROUND($C25*(1+$D25/30),1)=ROUND(SUMPRODUCT(MAX(($B$2:$B25=$B25)*N($C$2:$C25)*(1+N($D$2:$D25)/30))),1),"🏆 PR",""))
F26: =IF(AND(ISNUMBER($C26),ISNUMBER($D26)),$C26*$D26,"") | G26: =IF(AND(ISNUMBER($C26),ISNUMBER($D26)),ROUND($C26*(1+$D26/30),1),"") | H26: =IF($G26="","",IF(ROUND($C26*(1+$D26/30),1)=ROUND(SUMPRODUCT(MAX(($B$2:$B26=$B26)*N($C$2:$C26)*(1+N($D$2:$D26)/30))),1),"🏆 PR",""))
... F61: =IF(AND(ISNUMBER($C61),ISNUMBER($D61)),$C61*$D61,"") | G61: =IF(AND(ISNUMBER($C61),ISNUMBER($D61)),ROUND($C61*(1+$D61/30),1),"") | H61: =IF($G61="","",IF(ROUND($C61*(1+$D61/30),1)=ROUND(SUMPRODUCT(MAX(($B$2:$B61=$B61)*N($C$2:$C61)*(1+N($D$2:$D61)/30))),1),"🏆 PR",""))

Sheet Progress
B2: PROGRESS DASHBOARD
B3: Best lifts, total work, and your next target — updates as you log.
B4: Weight step (set to 5 for lb): | D4: 2.5
B5: This week's total volume (kg): | D5: =SUMIFS('Workout Log'!$F$2:$F$61,'Workout Log'!$A$2:$A$61,">="&(TODAY()-7))
B7: Exercise | C7: Best Est. 1RM | D7: Heaviest Set (kg) | E7: Total Sets | F7: Total Volume | G7: Suggested Next Weight
B8: =IF('Exercises'!A2="","",'Exercises'!A2) | C8: =IF($B8="","",IF(COUNTIF('Workout Log'!$B$2:$B$61,$B8)=0,"-",ROUND(SUMPRODUCT(MAX(('Workout Log'!$B$2:$B$61=$B8)*N('Workout Log'!$C$2:$C$61)*(1+N('Workout Log'!$D$2:$D$61)/30))),1))) | D8: =IF($B8="","",IF(COUNTIF('Workout Log'!$B$2:$B$61,$B8)=0,"-",SUMPRODUCT(MAX(('Workout Log'!$B$2:$B$61=$B8)*N('Workout Log'!$C$2:$C$61))))) | E8: =IF($B8="","",COUNTIF('Workout Log'!$B$2:$B$61,$B8)) | F8: =IF($B8="","",SUMIF('Workout Log'!$B$2:$B$61,$B8,'Workout Log'!$F$2:$F$61)) | G8: =IF($B8="","",IF(COUNTIF('Workout Log'!$B$2:$B$61,$B8)=0,"-",SUMPRODUCT(MAX(('Workout Log'!$B$2:$B$61=$B8)*N('Workout Log'!$C$2:$C$61)))+$D$4))
B9: =IF('Exercises'!A3="","",'Exercises'!A3) | C9: =IF($B9="","",IF(COUNTIF('Workout Log'!$B$2:$B$61,$B9)=0,"-",ROUND(SUMPRODUCT(MAX(('Workout Log'!$B$2:$B$61=$B9)*N('Workout Log'!$C$2:$C$61)*(1+N('Workout Log'!$D$2:$D$61)/30))),1))) | D9: =IF($B9="","",IF(COUNTIF('Workout Log'!$B$2:$B$61,$B9)=0,"-",SUMPRODUCT(MAX(('Workout Log'!$B$2:$B$61=$B9)*N('Workout Log'!$C$2:$C$61))))) | E9: =IF($B9="","",COUNTIF('Workout Log'!$B$2:$B$61,$B9)) | F9: =IF($B9="","",SUMIF('Workout Log'!$B$2:$B$61,$B9,'Workout Log'!$F$2:$F$61)) | G9: =IF($B9="","",IF(COUNTIF('Workout Log'!$B$2:$B$61,$B9)=0,"-",SUMPRODUCT(MAX(('Workout Log'!$B$2:$B$61=$B9)*N('Workout Log'!$C$2:$C$61)))+$D$4))
B10: =IF('Exercises'!A4="","",'Exercises'!A4) | C10: =IF($B10="","",IF(COUNTIF('Workout Log'!$B$2:$B$61,$B10)=0,"-",ROUND(SUMPRODUCT(MAX(('Workout Log'!$B$2:$B$61=$B10)*N('Workout Log'!$C$2:$C$61)*(1+N('Workout Log'!$D$2:$D$61)/30))),1))) | D10: =IF($B10="","",IF(COUNTIF('Workout Log'!$B$2:$B$61,$B10)=0,"-",SUMPRODUCT(MAX(('Workout Log'!$B$2:$B$61=$B10)*N('Workout Log'!$C$2:$C$61))))) | E10: =IF($B10="","",COUNTIF('Workout Log'!$B$2:$B$61,$B10)) | F10: =IF($B10="","",SUMIF('Workout Log'!$B$2:$B$61,$B10,'Workout Log'!$F$2:$F$61)) | G10: =IF($B10="","",IF(COUNTIF('Workout Log'!$B$2:$B$61,$B10)=0,"-",SUMPRODUCT(MAX(('Workout Log'!$B$2:$B$61=$B10)*N('Workout Log'!$C$2:$C$61)))+$D$4))
B11: =IF('Exercises'!A5="","",'Exercises'!A5) | C11: =IF($B11="","",IF(COUNTIF('Workout Log'!$B$2:$B$61,$B11)=0,"-",ROUND(SUMPRODUCT(MAX(('Workout Log'!$B$2:$B$61=$B11)*N('Workout Log'!$C$2:$C$61)*(1+N('Workout Log'!$D$2:$D$61)/30))),1))) | D11: =IF($B11="","",IF(COUNTIF('Workout Log'!$B$2:$B$61,$B11)=0,"-",SUMPRODUCT(MAX(('Workout Log'!$B$2:$B$61=$B11)*N('Workout Log'!$C$2:$C$61))))) | E11: =IF($B11="","",COUNTIF('Workout Log'!$B$2:$B$61,$B11)) | F11: =IF($B11="","",SUMIF('Workout Log'!$B$2:$B$61,$B11,'Workout Log'!$F$2:$F$61)) | G11: =IF($B11="","",IF(COUNTIF('Workout Log'!$B$2:$B$61,$B11)=0,"-",SUMPRODUCT(MAX(('Workout Log'!$B$2:$B$61=$B11)*N('Workout Log'!$C$2:$C$61)))+$D$4))
B12: =IF('Exercises'!A6="","",'Exercises'!A6) | C12: =IF($B12="","",IF(COUNTIF('Workout Log'!$B$2:$B$61,$B12)=0,"-",ROUND(SUMPRODUCT(MAX(('Workout Log'!$B$2:$B$61=$B12)*N('Workout Log'!$C$2:$C$61)*(1+N('Workout Log'!$D$2:$D$61)/30))),1))) | D12: =IF($B12="","",IF(COUNTIF('Workout Log'!$B$2:$B$61,$B12)=0,"-",SUMPRODUCT(MAX(('Workout Log'!$B$2:$B$61=$B12)*N('Workout Log'!$C$2:$C$61))))) | E12: =IF($B12="","",COUNTIF('Workout Log'!$B$2:$B$61,$B12)) | F12: =IF($B12="","",SUMIF('Workout Log'!$B$2:$B$61,$B12,'Workout Log'!$F$2:$F$61)) | G12: =IF($B12="","",IF(COUNTIF('Workout Log'!$B$2:$B$61,$B12)=0,"-",SUMPRODUCT(MAX(('Workout Log'!$B$2:$B$61=$B12)*N('Workout Log'!$C$2:$C$61)))+$D$4))
B13: =IF('Exercises'!A7="","",'Exercises'!A7) | C13: =IF($B13="","",IF(COUNTIF('Workout Log'!$B$2:$B$61,$B13)=0,"-",ROUND(SUMPRODUCT(MAX(('Workout Log'!$B$2:$B$61=$B13)*N('Workout Log'!$C$2:$C$61)*(1+N('Workout Log'!$D$2:$D$61)/30))),1))) | D13: =IF($B13="","",IF(COUNTIF('Workout Log'!$B$2:$B$61,$B13)=0,"-",SUMPRODUCT(MAX(('Workout Log'!$B$2:$B$61=$B13)*N('Workout Log'!$C$2:$C$61))))) | E13: =IF($B13="","",COUNTIF('Workout Log'!$B$2:$B$61,$B13)) | F13: =IF($B13="","",SUMIF('Workout Log'!$B$2:$B$61,$B13,'Workout Log'!$F$2:$F$61)) | G13: =IF($B13="","",IF(COUNTIF('Workout Log'!$B$2:$B$61,$B13)=0,"-",SUMPRODUCT(MAX(('Workout Log'!$B$2:$B$61=$B13)*N('Workout Log'!$C$2:$C$61)))+$D$4))
B14: =IF('Exercises'!A8="","",'Exercises'!A8) | C14: =IF($B14="","",IF(COUNTIF('Workout Log'!$B$2:$B$61,$B14)=0,"-",ROUND(SUMPRODUCT(MAX(('Workout Log'!$B$2:$B$61=$B14)*N('Workout Log'!$C$2:$C$61)*(1+N('Workout Log'!$D$2:$D$61)/30))),1))) | D14: =IF($B14="","",IF(COUNTIF('Workout Log'!$B$2:$B$61,$B14)=0,"-",SUMPRODUCT(MAX(('Workout Log'!$B$2:$B$61=$B14)*N('Workout Log'!$C$2:$C$61))))) | E14: =IF($B14="","",COUNTIF('Workout Log'!$B$2:$B$61,$B14)) | F14: =IF($B14="","",SUMIF('Workout Log'!$B$2:$B$61,$B14,'Workout Log'!$F$2:$F$61)) | G14: =IF($B14="","",IF(COUNTIF('Workout Log'!$B$2:$B$61,$B14)=0,"-",SUMPRODUCT(MAX(('Workout Log'!$B$2:$B$61=$B14)*N('Workout Log'!$C$2:$C$61)))+$D$4))
B15: =IF('Exercises'!A9="","",'Exercises'!A9) | C15: =IF($B15="","",IF(COUNTIF('Workout Log'!$B$2:$B$61,$B15)=0,"-",ROUND(SUMPRODUCT(MAX(('Workout Log'!$B$2:$B$61=$B15)*N('Workout Log'!$C$2:$C$61)*(1+N('Workout Log'!$D$2:$D$61)/30))),1))) | D15: =IF($B15="","",IF(COUNTIF('Workout Log'!$B$2:$B$61,$B15)=0,"-",SUMPRODUCT(MAX(('Workout Log'!$B$2:$B$61=$B15)*N('Workout Log'!$C$2:$C$61))))) | E15: =IF($B15="","",COUNTIF('Workout Log'!$B$2:$B$61,$B15)) | F15: =IF($B15="","",SUMIF('Workout Log'!$B$2:$B$61,$B15,'Workout Log'!$F$2:$F$61)) | G15: =IF($B15="","",IF(COUNTIF('Workout Log'!$B$2:$B$61,$B15)=0,"-",SUMPRODUCT(MAX(('Workout Log'!$B$2:$B$61=$B15)*N('Workout Log'!$C$2:$C$61)))+$D$4))
B16: =IF('Exercises'!A10="","",'Exercises'!A10) | C16: =IF($B16="","",IF(COUNTIF('Workout Log'!$B$2:$B$61,$B16)=0,"-",ROUND(SUMPRODUCT(MAX(('Workout Log'!$B$2:$B$61=$B16)*N('Workout Log'!$C$2:$C$61)*(1+N('Workout Log'!$D$2:$D$61)/30))),1))) | D16: =IF($B16="","",IF(COUNTIF('Workout Log'!$B$2:$B$61,$B16)=0,"-",SUMPRODUCT(MAX(('Workout Log'!$B$2:$B$61=$B16)*N('Workout Log'!$C$2:$C$61))))) | E16: =IF($B16="","",COUNTIF('Workout Log'!$B$2:$B$61,$B16)) | F16: =IF($B16="","",SUMIF('Workout Log'!$B$2:$B$61,$B16,'Workout Log'!$F$2:$F$61)) | G16: =IF($B16="","",IF(COUNTIF('Workout Log'!$B$2:$B$61,$B16)=0,"-",SUMPRODUCT(MAX(('Workout Log'!$B$2:$B$61=$B16)*N('Workout Log'!$C$2:$C$61)))+$D$4))
B17: =IF('Exercises'!A11="","",'Exercises'!A11) | C17: =IF($B17="","",IF(COUNTIF('Workout Log'!$B$2:$B$61,$B17)=0,"-",ROUND(SUMPRODUCT(MAX(('Workout Log'!$B$2:$B$61=$B17)*N('Workout Log'!$C$2:$C$61)*(1+N('Workout Log'!$D$2:$D$61)/30))),1))) | D17: =IF($B17="","",IF(COUNTIF('Workout Log'!$B$2:$B$61,$B17)=0,"-",SUMPRODUCT(MAX(('Workout Log'!$B$2:$B$61=$B17)*N('Workout Log'!$C$2:$C$61))))) | E17: =IF($B17="","",COUNTIF('Workout Log'!$B$2:$B$61,$B17)) | F17: =IF($B17="","",SUMIF('Workout Log'!$B$2:$B$61,$B17,'Workout Log'!$F$2:$F$61)) | G17: =IF($B17="","",IF(COUNTIF('Workout Log'!$B$2:$B$61,$B17)=0,"-",SUMPRODUCT(MAX(('Workout Log'!$B$2:$B$61=$B17)*N('Workout Log'!$C$2:$C$61)))+$D$4))
B18: =IF('Exercises'!A12="","",'Exercises'!A12) | C18: =IF($B18="","",IF(COUNTIF('Workout Log'!$B$2:$B$61,$B18)=0,"-",ROUND(SUMPRODUCT(MAX(('Workout Log'!$B$2:$B$61=$B18)*N('Workout Log'!$C$2:$C$61)*(1+N('Workout Log'!$D$2:$D$61)/30))),1))) | D18: =IF($B18="","",IF(COUNTIF('Workout Log'!$B$2:$B$61,$B18)=0,"-",SUMPRODUCT(MAX(('Workout Log'!$B$2:$B$61=$B18)*N('Workout Log'!$C$2:$C$61))))) | E18: =IF($B18="","",COUNTIF('Workout Log'!$B$2:$B$61,$B18)) | F18: =IF($B18="","",SUMIF('Workout Log'!$B$2:$B$61,$B18,'Workout Log'!$F$2:$F$61)) | G18: =IF($B18="","",IF(COUNTIF('Workout Log'!$B$2:$B$61,$B18)=0,"-",SUMPRODUCT(MAX(('Workout Log'!$B$2:$B$61=$B18)*N('Workout Log'!$C$2:$C$61)))+$D$4))
B19: =IF('Exercises'!A13="","",'Exercises'!A13) | C19: =IF($B19="","",IF(COUNTIF('Workout Log'!$B$2:$B$61,$B19)=0,"-",ROUND(SUMPRODUCT(MAX(('Workout Log'!$B$2:$B$61=$B19)*N('Workout Log'!$C$2:$C$61)*(1+N('Workout Log'!$D$2:$D$61)/30))),1))) | D19: =IF($B19="","",IF(COUNTIF('Workout Log'!$B$2:$B$61,$B19)=0,"-",SUMPRODUCT(MAX(('Workout Log'!$B$2:$B$61=$B19)*N('Workout Log'!$C$2:$C$61))))) | E19: =IF($B19="","",COUNTIF('Workout Log'!$B$2:$B$61,$B19)) | F19: =IF($B19="","",SUMIF('Workout Log'!$B$2:$B$61,$B19,'Workout Log'!$F$2:$F$61)) | G19: =IF($B19="","",IF(COUNTIF('Workout Log'!$B$2:$B$61,$B19)=0,"-",SUMPRODUCT(MAX(('Workout Log'!$B$2:$B$61=$B19)*N('Workout Log'!$C$2:$C$61)))+$D$4))
... B32: =IF('Exercises'!A26="","",'Exercises'!A26) | C32: =IF($B32="","",IF(COUNTIF('Workout Log'!$B$2:$B$61,$B32)=0,"-",ROUND(SUMPRODUCT(MAX(('Workout Log'!$B$2:$B$61=$B32)*N('Workout Log'!$C$2:$C$61)*(1+N('Workout Log'!$D$2:$D$61)/30))),1))) | D32: =IF($B32="","",IF(COUNTIF('Workout Log'!$B$2:$B$61,$B32)=0,"-",SUMPRODUCT(MAX(('Workout Log'!$B$2:$B$61=$B32)*N('Workout Log'!$C$2:$C$61))))) | E32: =IF($B32="","",COUNTIF('Workout Log'!$B$2:$B$61,$B32)) | F32: =IF($B32="","",SUMIF('Workout Log'!$B$2:$B$61,$B32,'Workout Log'!$F$2:$F$61)) | G32: =IF($B32="","",IF(COUNTIF('Workout Log'!$B$2:$B$61,$B32)=0,"-",SUMPRODUCT(MAX(('Workout Log'!$B$2:$B$61=$B32)*N('Workout Log'!$C$2:$C$61)))+$D$4))
